{"cameraMode":{"drawMode":0,"name":"Shaded","section":"Shading Mode"},"sceneLighting":false,"audioPlay":false,"sceneViewState":{"m_AlwaysRefresh":false,"showFog":true,"showSkybox":false,"showFlares":true,"showImageEffects":true,"showParticleSystems":true,"showVisualEffectGraphs":true,"m_FxEnabled":true},"in2DMode":false,"pivot":{"x":18.52529525756836,"y":2.2779080867767336,"z":-22.996294021606447},"rotation":{"x":-0.2590526044368744,"y":0.12474677711725235,"z":-0.03376191109418869,"w":-0.9571799039840698},"size":0.45723676681518557,"orthographic":false}